,loss,accuracy,val_loss,val_accuracy
0,1.6783441305160522,0.39565277099609375,1.4167546033859253,0.5142777562141418
1,1.5629936456680298,0.4363749921321869,1.3774670362472534,0.5220555663108826
2,1.5250742435455322,0.4510694444179535,1.3859562873840332,0.5249999761581421
3,1.5004901885986328,0.45802778005599976,1.3929738998413086,0.5198333263397217
4,1.4815651178359985,0.4658333361148834,1.3684160709381104,0.5316666960716248
