,loss,accuracy,val_loss,val_accuracy
0,1.6900790929794312,0.3886805474758148,1.435989260673523,0.4908333420753479
1,1.5616484880447388,0.4383888840675354,1.399929165840149,0.5112777948379517
2,1.5215799808502197,0.45301389694213867,1.3613359928131104,0.5318333506584167
3,1.5013375282287598,0.45750001072883606,1.3786568641662598,0.5285555720329285
4,1.481102466583252,0.4680555462837219,1.3720122575759888,0.5277777910232544
