,loss,accuracy,val_loss,val_accuracy
0,2.0503084659576416,0.2453194409608841,1.6519852876663208,0.43272221088409424
1,1.8884592056274414,0.30637499690055847,1.5818089246749878,0.4506666660308838
2,1.844900369644165,0.3246944546699524,1.5679575204849243,0.4555555582046509
3,1.8311443328857422,0.3307499885559082,1.5465996265411377,0.4745555520057678
4,1.821364164352417,0.3353472352027893,1.5437078475952148,0.4656111001968384
