,accuracy,f1
0,0.02912621359223301,0.015176865230196533
