,accuracy,f1
0,0.03986466607825831,0.03581245029463804
