,accuracy,f1
0,0.03765813474551338,0.0127001305905832
